<project xmlns="http://maven.apache.org/POM/4.0.0" xmlns:xsi="http://www.w3.org/2001/XMLSchema-instance"
  xsi:schemaLocation="http://maven.apache.org/POM/4.0.0 http://maven.apache.org/maven-v4_0_0.xsd">
  <modelVersion>4.0.0</modelVersion>
  <groupId>com.devops</groupId>
  <artifactId>Inventory</artifactId>
  <packaging>war</packaging>
  <version>0.0.1-RELEASE</version>
  <name>DevOps Tools Inventory</name>
  <url>http://maven.apache.org</url>
  <!-- Below repo details have been added for sonatype nexus repo -->
<distributionManagement>
    <repository>
        <id>releases</id>
        <name>Releases</name>
        <url>
http://localhost:8082/nexus/content/repositories/releases</url>
    </repository>
 <snapshotRepository>
        <id>snapshots</id>
        <name>Snapshots</name>
        <url>http://localhost:8082/nexus/content/repositories/snapshots</url>
    </snapshotRepository>

</distributionManagement>
<!-- end nexus repo details -->


  <dependencies>
    <dependency>
      <groupId>junit</groupId>
      <artifactId>junit</artifactId>
      <version>4.11</version>
      <scope>test</scope>
    </dependency>
    <!-- https://mvnrepository.com/artifact/javax.servlet/servlet-api -->
		<dependency>
			<groupId>javax.servlet</groupId>
			<artifactId>javax.servlet-api</artifactId>
			<version>3.1.0</version>
			<scope>provided</scope>
		</dependency>

		<!-- https://mvnrepository.com/artifact/javax.servlet/jstl -->
		<dependency>
			<groupId>javax.servlet</groupId>
			<artifactId>jstl</artifactId>
			<version>1.2</version>
		</dependency>
		<dependency>
			<groupId>org.seleniumhq.selenium</groupId>
			<artifactId>selenium-java</artifactId>
<!-- 			<version>2.52.0</version> -->
				<version>3.8.1</version>
			<scope>test</scope>
		</dependency>
		<!-- MongoDB Java Driver -->
		<dependency>
			<groupId>org.mongodb</groupId>
			<artifactId>mongo-java-driver</artifactId>
			<!--  <version>2.12.3</version> -->
			<version>3.6.2</version>
		</dependency>
		<dependency>
			<groupId>taglibs</groupId>
			<artifactId>standard</artifactId>
			<version>1.1.2</version>
		</dependency>
		<!-- added above for MongoDB -->
		<dependency>
    		<groupId>com.googlecode.json-simple</groupId>
    		<artifactId>json-simple</artifactId>
    		<version>1.1.1</version>
		</dependency>
  </dependencies>
  <build>
     <finalName>MyWebIntegration</finalName>
    <plugins>
			<!-- <plugin>
				<groupId>org.codehaus.mojo</groupId>
				<artifactId>build-helper-maven-plugin</artifactId>
				<version>1.9.1</version>
				<executions>
					<execution>
						<id>add-integration-test-sources</id>
						<phase>generate-test-sources</phase>
						<goals>
							<goal>add-test-source</goal>
						</goals>
						<configuration>
							<sources>
								<source>src/integration-test/java</source>
							</sources>
						</configuration>
					</execution>
					<execution>
						<id>add-integration-test-resources</id>
						<phase>generate-test-resources</phase>
						<goals>
							<goal>add-test-resource</goal>
						</goals>
						<configuration>
							<resources>
								<resource>
									<filtering>true</filtering>
									<directory>src/integration-test/java</directory>
								</resource>
							</resources>
						</configuration>
					</execution>
				</executions>
			</plugin> -->
			 <plugin>
				<artifactId>maven-surefire-plugin</artifactId>
				<version>2.18.1</version>
			 	<configuration>
				<!--Below line was commented by me	
				 <excludedGroups>com.devops.Inventory.IntegrationTest</excludedGroups>
				Below testfailureignore and printsummary tags have been added by me 
        			<testFailureIgnore>true</testFailureIgnore>
        			<printSummary>true</printSummary>	-->
				</configuration>
			</plugin>
			<plugin>
				<groupId>org.jacoco</groupId>
				<artifactId>jacoco-maven-plugin</artifactId>
				<version>0.8.3</version>
				<executions>
					<execution>
						<id>prepare-agent</id>
						<goals>
							<goal>prepare-agent</goal>
						</goals>
					</execution>
					<execution>
						<id>report</id>
						<phase>prepare-package</phase>
						<goals>
							<goal>report</goal>
						</goals>
					</execution>
					<execution>
						<id>post-unit-test</id>
						<phase>test</phase>
						<goals>
							<goal>report</goal>
						</goals>
						<configuration>
							<!-- Sets the path to the file which contains the execution data. -->

							<dataFile>target/jacoco.exec</dataFile>
							<!-- Sets the output directory for the code coverage report. -->
							<outputDirectory>target/my-reports</outputDirectory>
						</configuration>
					</execution>
				</executions>
				<configuration>
					<systemPropertyVariables>
						<jacoco-agent.destfile>target/jacoco.exec</jacoco-agent.destfile>
					</systemPropertyVariables>
				</configuration>
			</plugin>

<!-- 			<plugin>
				<groupId>org.apache.maven.plugins</groupId>
				<artifactId>maven-failsafe-plugin</artifactId>
				<version>2.19.1</version>
				<configuration>
					<includes>
						<include>**/*.java</include>
					</includes>
					below line has been commented by me 
					 <groups>com.devops.Bookstore.IntegrationTest</groups>
				</configuration>
				<executions>
					<execution>
						<goals>
							<goal>integration-test</goal>
							<goal>verify</goal>
							tomcat will not stop if you do not specify verify
						</goals>
					</execution>
				</executions>
			</plugin>

			 <plugin>
				<groupId>org.apache.tomcat.maven</groupId>
				<artifactId>tomcat7-maven-plugin</artifactId>
				<version>2.2</version>
				<configuration>
					<port>7080</port>
					
					<path>/Inventory</path>
				</configuration>
				<executions>
					<execution>
						<id>start-tomcat</id>
						<phase>pre-integration-test</phase>
						<goals>
							<goal>run</goal>
						</goals>
						<configuration>
							<fork>true</fork>
						</configuration>
					</execution>
					<execution>
						<id>stop-tomcat</id>
						<phase>post-integration-test</phase>
						<goals>
							<goal>shutdown</goal>
						</goals>
					</execution>
				</executions>
			</plugin>
 */ -->

		</plugins>
		<pluginManagement>
			<plugins>
				<!--This plugin's configuration is used to store Eclipse m2e settings 
					only. It has no influence on the Maven build itself. -->
				<plugin>
					<groupId>org.eclipse.m2e</groupId>
					<artifactId>lifecycle-mapping</artifactId>
					<version>1.0.0</version>
					<configuration>
						<lifecycleMappingMetadata>
							<pluginExecutions>
								<pluginExecution>
									<pluginExecutionFilter>
										<groupId>
											org.codehaus.mojo
										</groupId>
										<artifactId>
											build-helper-maven-plugin
										</artifactId>
										<versionRange>
											[1.9.1,)
										</versionRange>
										<goals>
											<goal>add-test-source</goal>
										</goals>
									</pluginExecutionFilter>
									<action>
										<ignore></ignore>
									</action>
								</pluginExecution>
							</pluginExecutions>
						</lifecycleMappingMetadata>
					</configuration>
				</plugin>


				<plugin>
					<!-- Configure tomcat with the url -->
					<groupId>org.apache.tomcat.maven</groupId>
					<artifactId>tomcat7-maven-plugin</artifactId>
					<version>2.1</version>
					<configuration>
						<url>http://localhost:7080/manager/text</url>
						<server>tomcat</server>
						<path>/Inventory</path>
						<update>true</update>
					</configuration>
				</plugin>
				<!-- Add maven-deploy-plugin to your pom -->
				<plugin>
					<groupId>org.apache.maven.plugins</groupId>
					<artifactId>maven-deploy-plugin</artifactId>
					<version>2.7</version>
				</plugin>
				


			</plugins>
		</pluginManagement>
		
	<!--  
	<repositories>
    <repository>
        <id>central</id>
        <url>http://localhost:8081/artifactory/libs-release</url>
        <snapshots>
            <enabled>false</enabled>
        </snapshots>
    </repository>
    <repository>
        <id>snapshots</id>
        <url>http://localhost:8081/artifactory/libs-snapshot</url>
        <releases>
            <enabled>false</enabled>
        </releases>
    </repository>
</repositories>
<pluginRepositories>
    <pluginRepository>
        <id>central</id>
        <url>http://localhost:8081/artifactory/plugins-release</url>
        <snapshots>
            <enabled>false</enabled>
        </snapshots>
    </pluginRepository>
    <pluginRepository>
        <id>snapshots</id>
        <url>http://localhost:8081/artifactory/plugins-snapshot</url>
        <releases>
            <enabled>false</enabled>
        </releases>
    </pluginRepository>
</pluginRepositories>
-->
  </build>
</project>
